{"name":"Default","bones":[{"position":{"x":8.754432201385498e-8,"y":1.5,"z":-0.09999992698431015},"rotation":{"x":0.0,"y":-6.509288255074353e-7,"z":0.0,"w":1.0000001192092896},"weight":0.0},{"position":{"x":1.0617077350616455e-7,"y":1.5,"z":0.10000020265579224},"rotation":{"x":0.0,"y":-6.509288255074353e-7,"z":0.0,"w":1.0000001192092896},"weight":0.0}],"attachedBodyParts":[{"rid":1000}],"patternID":"","scale":{"x":1.0,"y":1.0},"offset":{"x":0.0,"y":0.0},"primaryColour":{"r":1.0,"g":1.0,"b":1.0,"a":1.0},"secondaryColour":{"r":0.0,"g":0.0,"b":0.0,"a":1.0},"shine":0.0,"metallic":0.0,"references":{"version":2,"RefIds":[{"rid":1000,"type":{"class":"AttachedBodyPart","ns":"DanielLochner.Assets.CreatureCreator","asm":"Assembly-CSharp"},"data":{"GUID":"689e8273-52cd-482d-b0e0-5116fc3d740e","bodyPartID":"cc11bdd7","boneIndex":1,"serializableTransform":{"position":{"x":-0.05738751217722893,"y":1.5527076721191407,"z":0.1828622967004776},"scale":{"x":0.9999998807907105,"y":0.9999998807907105,"z":1.0},"rotation":{"x":0.6761533617973328,"y":0.1582595258951187,"z":-0.12960708141326905,"w":-0.707794189453125}},"stretch":{"x":0.0,"y":0.0,"z":-0.5652182698249817},"primaryColour":{"r":0.0,"g":0.501960813999176,"b":1.0,"a":1.0},"secondaryColour":{"r":0.0,"g":0.0,"b":0.0,"a":0.0},"shine":-1.0,"metallic":-1.0,"hideMain":false,"hideFlipped":false}}]}}